[{"model": "employees.client", "pk": 1, "fields": {"id": "cli0001", "contact": 175, "company": "geoform technologies", "position": "ceo"}}, {"model": "employees.client", "pk": 2, "fields": {"id": "cli0002", "contact": 176, "company": "young technologies", "position": "ceo"}}, {"model": "employees.client", "pk": 3, "fields": {"id": "cli0003", "contact": 177, "company": "amazon", "position": "ceo"}}, {"model": "employees.client", "pk": 4, "fields": {"id": "cli0004", "contact": 178, "company": "amazon", "position": "ceo"}}, {"model": "employees.client", "pk": 5, "fields": {"id": "cli0005", "contact": 180, "company": "microsoft", "position": "ceo"}}, {"model": "employees.client", "pk": 6, "fields": {"id": "cli0006", "contact": 182, "company": "AM & N", "position": "Chief Executive Officer"}}, {"model": "employees.client", "pk": 7, "fields": {"id": "cli0007", "contact": 183, "company": "MCBM", "position": "Account Manager"}}, {"model": "employees.client", "pk": 8, "fields": {"id": "cli0008", "contact": 184, "company": "ABC & D", "position": "Chief Executive Officer"}}, {"model": "employees.client", "pk": 9, "fields": {"id": "cli0009", "contact": 185, "company": "PDB", "position": "Sales Manager"}}, {"model": "employees.department", "pk": 1, "fields": {"id": "dep0001", "name": "administration", "hod": 19}}, {"model": "employees.department", "pk": 2, "fields": {"id": "dep0002", "name": "marketing", "hod": null}}, {"model": "employees.department", "pk": 16, "fields": {"id": "dep0016", "name": "labour", "hod": 4}}, {"model": "employees.department", "pk": 20, "fields": {"id": "dep0020", "name": "catery", "hod": 2}}, {"model": "employees.department", "pk": 21, "fields": {"id": "dep0021", "name": "culinary", "hod": 8}}, {"model": "employees.department", "pk": 22, "fields": {"id": "dep0022", "name": "transportation", "hod": null}}, {"model": "employees.department", "pk": 24, "fields": {"id": "dep0023", "name": "security", "hod": 149}}, {"model": "employees.employee", "pk": 2, "fields": {"id": "emp0002", "user": 15, "job": 18, "supervisor": null, "department": 20, "is_hr": false, "is_md": false, "date_employed": "2022-06-18", "date_updated": "2022-06-18"}}, {"model": "employees.employee", "pk": 3, "fields": {"id": "emp0003", "user": 16, "job": 18, "supervisor": null, "department": 2, "is_hr": false, "is_md": false, "date_employed": "2022-06-18", "date_updated": "2022-06-18"}}, {"model": "employees.employee", "pk": 4, "fields": {"id": "emp0004", "user": 17, "job": 5, "supervisor": 14, "department": 16, "is_hr": false, "is_md": false, "date_employed": "2022-06-18", "date_updated": "2022-06-18"}}, {"model": "employees.employee", "pk": 5, "fields": {"id": "emp0005", "user": 18, "job": 18, "supervisor": null, "department": 2, "is_hr": false, "is_md": false, "date_employed": "2022-06-18", "date_updated": "2022-06-18"}}, {"model": "employees.employee", "pk": 6, "fields": {"id": "emp0006", "user": 19, "job": 5, "supervisor": null, "department": 2, "is_hr": false, "is_md": false, "date_employed": "2022-06-16", "date_updated": "2022-06-16"}}, {"model": "employees.employee", "pk": 7, "fields": {"id": "emp0007", "user": 23, "job": 18, "supervisor": null, "department": 1, "is_hr": false, "is_md": false, "date_employed": "2022-06-18", "date_updated": "2022-06-18"}}, {"model": "employees.employee", "pk": 8, "fields": {"id": "emp0008", "user": 24, "job": 18, "supervisor": null, "department": 21, "is_hr": false, "is_md": false, "date_employed": "2022-06-18", "date_updated": "2022-06-18"}}, {"model": "employees.employee", "pk": 11, "fields": {"id": "emp0011", "user": 27, "job": 18, "supervisor": null, "department": 16, "is_hr": false, "is_md": false, "date_employed": "2022-06-18", "date_updated": "2022-06-18"}}, {"model": "employees.employee", "pk": 12, "fields": {"id": "emp0012", "user": 28, "job": 13, "supervisor": null, "department": 2, "is_hr": false, "is_md": false, "date_employed": "2022-06-18", "date_updated": "2022-06-18"}}, {"model": "employees.employee", "pk": 13, "fields": {"id": "emp0013", "user": 29, "job": 18, "supervisor": null, "department": 1, "is_hr": false, "is_md": false, "date_employed": "2022-06-18", "date_updated": "2022-06-18"}}, {"model": "employees.employee", "pk": 14, "fields": {"id": "emp0014", "user": 30, "job": 3, "supervisor": null, "department": 2, "is_hr": false, "is_md": false, "date_employed": "2022-06-18", "date_updated": "2022-06-18"}}, {"model": "employees.employee", "pk": 15, "fields": {"id": "emp0015", "user": 31, "job": 18, "supervisor": null, "department": 1, "is_hr": false, "is_md": false, "date_employed": "2022-06-18", "date_updated": "2022-06-18"}}, {"model": "employees.employee", "pk": 17, "fields": {"id": "emp0017", "user": 33, "job": 6, "supervisor": null, "department": 16, "is_hr": false, "is_md": true, "date_employed": "2022-06-18", "date_updated": "2022-06-18"}}, {"model": "employees.employee", "pk": 18, "fields": {"id": "emp0018", "user": 34, "job": 18, "supervisor": null, "department": 2, "is_hr": false, "is_md": false, "date_employed": "2022-06-18", "date_updated": "2022-06-18"}}, {"model": "employees.employee", "pk": 19, "fields": {"id": "emp0019", "user": 35, "job": 1, "supervisor": null, "department": 1, "is_hr": false, "is_md": false, "date_employed": "2022-06-18", "date_updated": "2022-06-18"}}, {"model": "employees.employee", "pk": 20, "fields": {"id": "emp0020", "user": 44, "job": 12, "supervisor": null, "department": 2, "is_hr": false, "is_md": false, "date_employed": "2022-06-18", "date_updated": "2022-06-18"}}, {"model": "employees.employee", "pk": 21, "fields": {"id": "emp0021", "user": 45, "job": 18, "supervisor": null, "department": 24, "is_hr": false, "is_md": false, "date_employed": "2022-06-18", "date_updated": "2022-06-18"}}, {"model": "employees.employee", "pk": 22, "fields": {"id": "emp0022", "user": 46, "job": 18, "supervisor": 5, "department": 2, "is_hr": false, "is_md": false, "date_employed": "2022-06-18", "date_updated": "2022-06-18"}}, {"model": "employees.employee", "pk": 23, "fields": {"id": "emp0023", "user": 47, "job": 18, "supervisor": null, "department": 1, "is_hr": false, "is_md": false, "date_employed": "2022-06-18", "date_updated": "2022-06-18"}}, {"model": "employees.employee", "pk": 24, "fields": {"id": "emp0024", "user": 48, "job": 18, "supervisor": null, "department": 2, "is_hr": false, "is_md": false, "date_employed": "2022-06-18", "date_updated": "2022-06-18"}}, {"model": "employees.employee", "pk": 25, "fields": {"id": "emp0025", "user": 49, "job": 4, "supervisor": null, "department": 1, "is_hr": false, "is_md": false, "date_employed": "2022-06-18", "date_updated": "2022-06-18"}}, {"model": "employees.employee", "pk": 26, "fields": {"id": "emp0026", "user": 50, "job": 7, "supervisor": null, "department": 2, "is_hr": false, "is_md": false, "date_employed": "2022-06-18", "date_updated": "2022-06-18"}}, {"model": "employees.employee", "pk": 27, "fields": {"id": "emp0027", "user": 51, "job": 18, "supervisor": null, "department": 16, "is_hr": false, "is_md": false, "date_employed": "2022-06-18", "date_updated": "2022-06-18"}}, {"model": "employees.employee", "pk": 28, "fields": {"id": "emp0028", "user": 52, "job": 18, "supervisor": null, "department": 2, "is_hr": false, "is_md": false, "date_employed": "2022-06-18", "date_updated": "2022-06-18"}}, {"model": "employees.employee", "pk": 29, "fields": {"id": "emp0029", "user": 53, "job": 18, "supervisor": null, "department": 1, "is_hr": false, "is_md": false, "date_employed": "2022-06-18", "date_updated": "2022-06-18"}}, {"model": "employees.employee", "pk": 31, "fields": {"id": "emp0031", "user": 55, "job": 18, "supervisor": null, "department": 1, "is_hr": false, "is_md": false, "date_employed": "2022-06-18", "date_updated": "2022-06-18"}}, {"model": "employees.employee", "pk": 32, "fields": {"id": "emp0032", "user": 56, "job": 3, "supervisor": null, "department": 2, "is_hr": false, "is_md": false, "date_employed": "2022-06-18", "date_updated": "2022-06-18"}}, {"model": "employees.employee", "pk": 33, "fields": {"id": "emp0033", "user": 57, "job": 18, "supervisor": null, "department": 16, "is_hr": false, "is_md": false, "date_employed": "2022-06-18", "date_updated": "2022-06-18"}}, {"model": "employees.employee", "pk": 34, "fields": {"id": "emp0034", "user": 58, "job": 5, "supervisor": 11, "department": 20, "is_hr": false, "is_md": false, "date_employed": "2022-06-01", "date_updated": "2022-06-01"}}, {"model": "employees.employee", "pk": 37, "fields": {"id": "emp0037", "user": 63, "job": 18, "supervisor": null, "department": 16, "is_hr": false, "is_md": false, "date_employed": "2022-06-18", "date_updated": "2022-06-18"}}, {"model": "employees.employee", "pk": 40, "fields": {"id": "emp0040", "user": 67, "job": 2, "supervisor": null, "department": 1, "is_hr": true, "is_md": false, "date_employed": "2022-06-01", "date_updated": "2022-06-01"}}, {"model": "employees.employee", "pk": 41, "fields": {"id": "emp0041", "user": 69, "job": 7, "supervisor": 27, "department": 16, "is_hr": false, "is_md": false, "date_employed": "2022-06-01", "date_updated": "2022-06-01"}}, {"model": "employees.employee", "pk": 144, "fields": {"id": "emp0144", "user": 172, "job": 3, "supervisor": null, "department": 21, "is_hr": false, "is_md": false, "date_employed": "2022-06-01", "date_updated": "2022-06-01"}}, {"model": "employees.employee", "pk": 145, "fields": {"id": "emp0145", "user": 173, "job": 4, "supervisor": null, "department": 16, "is_hr": false, "is_md": false, "date_employed": "2022-06-18", "date_updated": "2022-06-18"}}, {"model": "employees.employee", "pk": 146, "fields": {"id": "emp0146", "user": 174, "job": 3, "supervisor": null, "department": 20, "is_hr": false, "is_md": false, "date_employed": "2022-06-01", "date_updated": "2022-06-01"}}, {"model": "employees.employee", "pk": 147, "fields": {"id": "emp0147", "user": 190, "job": 13, "supervisor": null, "department": 22, "is_hr": false, "is_md": false, "date_employed": "2022-06-12", "date_updated": "2022-06-12"}}, {"model": "employees.employee", "pk": 148, "fields": {"id": "emp0148", "user": 191, "job": 7, "supervisor": null, "department": 22, "is_hr": false, "is_md": false, "date_employed": "2022-06-12", "date_updated": "2022-06-12"}}, {"model": "employees.employee", "pk": 149, "fields": {"id": "emp0149", "user": 192, "job": 12, "supervisor": 21, "department": 24, "is_hr": false, "is_md": false, "date_employed": "2022-06-18", "date_updated": "2022-06-18"}}, {"model": "employees.holiday", "pk": 2, "fields": {"id": "hol0002", "name": "Christmas", "date": "2022-05-09"}}, {"model": "employees.holiday", "pk": 3, "fields": {"id": "hol0003", "name": "ramadan", "date": "2010-01-01"}}, {"model": "employees.holiday", "pk": 4, "fields": {"id": "hol0004", "name": "New year's eve", "date": "2022-05-01"}}, {"model": "employees.holiday", "pk": 12, "fields": {"id": "hol0005", "name": "Christmas Eve", "date": "2022-06-16"}}, {"model": "employees.attendance", "pk": 1, "fields": {"id": "atd0001", "employee": 17, "date": "2022-05-22", "punch_in": "11:50:00", "punch_out": "12:56:00"}}, {"model": "employees.attendance", "pk": 2, "fields": {"id": "atd0002", "employee": 20, "date": "2022-05-22", "punch_in": "15:34:00", "punch_out": null}}, {"model": "employees.attendance", "pk": 4, "fields": {"id": "atd0004", "employee": 146, "date": "2022-05-22", "punch_in": "20:56:00", "punch_out": "20:58:00"}}, {"model": "employees.attendance", "pk": 16, "fields": {"id": "atd0016", "employee": 17, "date": "2022-05-23", "punch_in": "18:59:40.378", "punch_out": "23:23:00"}}, {"model": "employees.attendance", "pk": 20, "fields": {"id": "atd0020", "employee": 17, "date": "2022-05-29", "punch_in": "07:27:05", "punch_out": null}}, {"model": "employees.attendance", "pk": 21, "fields": {"id": "atd0021", "employee": 22, "date": "2022-06-07", "punch_in": "19:32:28", "punch_out": null}}, {"model": "employees.attendance", "pk": 22, "fields": {"id": "atd0022", "employee": 17, "date": "2022-06-08", "punch_in": "06:30:00", "punch_out": "21:31:30"}}, {"model": "employees.attendance", "pk": 25, "fields": {"id": "atd0025", "employee": 17, "date": "2022-05-09", "punch_in": "07:30:00", "punch_out": "17:00:00"}}, {"model": "employees.attendance", "pk": 26, "fields": {"id": "atd0026", "employee": 17, "date": "2022-05-10", "punch_in": "08:30:00", "punch_out": "15:00:00"}}, {"model": "employees.attendance", "pk": 27, "fields": {"id": "atd0027", "employee": 17, "date": "2022-05-11", "punch_in": "07:30:00", "punch_out": null}}, {"model": "employees.attendance", "pk": 28, "fields": {"id": "atd0028", "employee": 17, "date": "2022-05-12", "punch_in": "12:30:00", "punch_out": "17:00:00"}}, {"model": "employees.attendance", "pk": 29, "fields": {"id": "atd0029", "employee": 17, "date": "2022-05-13", "punch_in": "07:30:00", "punch_out": "20:00:00"}}, {"model": "employees.attendance", "pk": 32, "fields": {"id": "atd0030", "employee": 17, "date": "2022-06-09", "punch_in": "06:30:00", "punch_out": "20:49:42"}}, {"model": "employees.attendance", "pk": 33, "fields": {"id": "atd0033", "employee": 17, "date": "2022-06-10", "punch_in": "06:30:00", "punch_out": "20:56:45"}}, {"model": "employees.attendance", "pk": 35, "fields": {"id": "atd0034", "employee": 17, "date": "2022-06-06", "punch_in": "06:30:00", "punch_out": "17:00:00"}}, {"model": "employees.attendance", "pk": 36, "fields": {"id": "atd0036", "employee": 17, "date": "2022-06-07", "punch_in": "06:30:00", "punch_out": "17:00:00"}}, {"model": "employees.attendance", "pk": 37, "fields": {"id": "atd0037", "employee": 17, "date": "2022-06-13", "punch_in": "07:00:00", "punch_out": "20:30:00"}}, {"model": "employees.attendance", "pk": 38, "fields": {"id": "atd0038", "employee": 17, "date": "2022-06-14", "punch_in": "07:00:00", "punch_out": "20:30:00"}}, {"model": "employees.attendance", "pk": 39, "fields": {"id": "atd0039", "employee": 17, "date": "2022-06-15", "punch_in": "07:00:00", "punch_out": "20:30:00"}}, {"model": "employees.attendance", "pk": 40, "fields": {"id": "atd0040", "employee": 17, "date": "2022-06-16", "punch_in": "07:00:00", "punch_out": "08:30:00"}}, {"model": "employees.attendance", "pk": 41, "fields": {"id": "atd0041", "employee": 17, "date": "2022-06-17", "punch_in": "07:00:00", "punch_out": "20:30:00"}}, {"model": "employees.project", "pk": 1, "fields": {"id": "prj0001", "name": "Hospital Administration", "created_by": 17, "client": 1, "start_date": "2022-05-24", "end_date": "2022-08-24", "initial_cost": 1000.0, "rate": 10.0, "priority": "M", "description": "Lorem ipsum dolor sit amet consectetur, adipisicing elit. Aut sunt veniam autem hic dicta obcaecati fugiat, assumenda ratione impedit tenetur aperiam, eos distinctio fugit cumque laborum. Ea repudiandae ex inventore porro. Pariatur, vel laborum consectetur veritatis quam voluptas quos a ipsum aperiam praesentium unde iste, dolorem impedit harum! Consequatur, harum. Lorem ipsum dolor sit amet consectetur, adipisicing elit. Aut sunt veniam autem hic dicta obcaecati fugiat, assumenda ratione impedit tenetur aperiam, eos distinctio fugit cumque laborum. Ea repudiandae ex inventore porro. Pariatur, vel laborum consectetur veritatis quam voluptas quos a ipsum aperiam praesentium unde iste, dolorem impedit harum! Consequatur, harum.", "completed": false, "leaders": [19], "team": [19, 20]}}, {"model": "employees.project", "pk": 2, "fields": {"id": "prj0002", "name": "Traffic Control", "created_by": 17, "client": 2, "start_date": "2022-05-24", "end_date": "2022-07-24", "initial_cost": 700.0, "rate": 15.0, "priority": "M", "description": "Lorem ipsum dolor sit amet consectetur, adipisicing elit. Aut sunt veniam autem hic dicta obcaecati fugiat, assumenda ratione impedit tenetur aperiam, eos distinctio fugit cumque laborum. Ea repudiandae ex inventore porro. Pariatur, vel laborum consectetur veritatis quam voluptas quos a ipsum aperiam praesentium unde iste, dolorem impedit harum! Consequatur, harum. Lorem ipsum dolor sit amet consectetur, adipisicing elit. Aut sunt veniam autem hic dicta obcaecati fugiat, assumenda ratione impedit tenetur aperiam, eos distinctio fugit cumque laborum. Ea repudiandae ex inventore porro. Pariatur, vel laborum consectetur veritatis quam voluptas quos a ipsum aperiam praesentium unde iste, dolorem impedit harum! Consequatur, harum.", "completed": false, "leaders": [3], "team": [4, 24, 25, 27, 28, 32, 34]}}, {"model": "employees.project", "pk": 3, "fields": {"id": "prj0003", "name": "Motel Management", "created_by": 17, "client": 9, "start_date": "2022-05-15", "end_date": "2022-05-30", "initial_cost": 260000.0, "rate": 20.0, "priority": "H", "description": "This is a new description. This is a new description.This is a new description. This is a new description.This is a new description. This is a new description.This is a new description. This is a new description.This is a new description. This is a new description.This is a new description. This is a new description.This is a new description. This is a new description.This is a new description. This is a new description.This is a new description. This is a new description.This is a new description. This is a new description.This is a new description. This is a new description.This is a new description. This is a new description.This is a new description. This is a new description.This is a new description. This is a new description.", "completed": false, "leaders": [27], "team": [20, 21, 27]}}, {"model": "employees.project", "pk": 4, "fields": {"id": "prj0004", "name": "MTN Technologies", "created_by": 17, "client": 6, "start_date": "2022-05-01", "end_date": "2022-06-30", "initial_cost": 35000.0, "rate": 20.0, "priority": "H", "description": "This is the new description of the project. This is the new description of the project. This is the new description of the project. This is the new description of the project. This is the new description of the project. This is the new description of the project. This is the new description of the project. This is the new description of the project. This is the new description of the project. This is the new description of the project. This is the new description of the project. This is the new description of the project. This is the new description of the project. This is the new description of the project. This is the new description of the project. This is the new description of the project. This is the new description of the project. This is the new description of the project. This is the new description of the project. This is the new description of the project. This is the new description of the project. This is the new description of the project. This is the new description of the project. This is the new description of the project. This is the new description of the project. This is the new description of the project. This is the new description of the project. This is the new description of the project. This is the new description of the project. This is the new description of the project. This is the new description of the project. This is the new description of the project. This is the new description of the project. This is the new description of the project. This is the new description of the project. This is the new description of the project. This is the new description of the project. This is the new description of the project. This is the new description of the project. This is the new description of the project. This is the new description of the project. This is the new description of the project. This is the new description of the project. This is the new description of the project. This is the new description of the project. This is the new description of the project. This is the new description of the project. This is the new description of the project. This is the new description of the project. This is the new description of the project. This is the new description of the project. This is the new description of the project. This is the new description of the project. This is the new description of the project. This is the new description of the project. This is the new description of the project. This is the new description of the project. This is the new description of the project. This is the new description of the project. This is the new description of the project. This is the new description of the project. This is the new description of the project. This is the new description of the project.", "completed": false, "leaders": [20, 26], "team": [12, 20, 26]}}, {"model": "employees.project", "pk": 6, "fields": {"id": "prj0005", "name": "School Management", "created_by": 17, "client": 9, "start_date": "2022-06-13", "end_date": "2022-07-09", "initial_cost": 30000.0, "rate": 20.0, "priority": "H", "description": "This is the project description. This is the project description. This is the project description. This is the project description. This is the project description. This is the project description. This is the project description. This is the project description. This is the project description. This is the project description. This is the project description. This is the project description. This is the project description. This is the project description. This is the project description. This is the project description. This is the project description.", "completed": false, "leaders": [20, 27], "team": [12, 14, 20, 21, 25, 26, 27, 28, 37]}}, {"model": "employees.project", "pk": 7, "fields": {"id": "prj0007", "name": "Warehouse Management", "created_by": 17, "client": 3, "start_date": "2022-06-12", "end_date": "2022-08-12", "initial_cost": 120000.0, "rate": 300.0, "priority": "H", "description": "Lorem ipsum dolor sit amet, consectetur adipisicing elit, sed do eiusmod\n\t\t\t\ttempor incididunt ut labore et dolore magna aliqua. Ut enim ad minim veniam,\n\t\t\t\tquis nostrud exercitation ullamco laboris nisi ut aliquip ex ea commodo\n\t\t\t\tconsequat. Duis aute irure dolor in reprehenderit in voluptate velit esse\n\t\t\t\tcillum dolore eu fugiat nulla pariatur. Excepteur sint occaecat cupidatat non\n\t\t\t\tproident, sunt in culpa qui officia deserunt mollit anim id est laborum.", "completed": false, "leaders": [24], "team": [2, 8, 24, 41, 145]}}, {"model": "employees.task", "pk": 1, "fields": {"id": "tsk0001", "created_by": 17, "project": 1, "name": "Hospital Administration Task 1", "description": null, "priority": "H", "create_date": "2022-05-31", "due_date": "2022-06-01", "completed": false, "verified": false, "leaders": [3], "followers": [2, 3, 4, 6]}}, {"model": "employees.task", "pk": 2, "fields": {"id": "tsk0002", "created_by": 17, "project": 1, "name": "Hospital Administration Task 2", "description": null, "priority": "M", "create_date": "2022-05-31", "due_date": "2022-06-01", "completed": false, "verified": false, "leaders": [], "followers": [2, 4]}}, {"model": "employees.task", "pk": 3, "fields": {"id": "tsk0003", "created_by": 17, "project": 2, "name": "Traffic Control Task 1", "description": null, "priority": "H", "create_date": "2022-05-31", "due_date": "2022-06-07", "completed": false, "verified": false, "leaders": [25], "followers": [4, 25]}}, {"model": "employees.task", "pk": 9, "fields": {"id": "tsk0009", "created_by": 17, "project": 3, "name": "Motel Management Task 1", "description": "I want this to be done this way", "priority": "H", "create_date": "2022-06-03", "due_date": "2022-06-30", "completed": false, "verified": false, "leaders": [20, 21], "followers": [20, 21, 27]}}, {"model": "employees.task", "pk": 10, "fields": {"id": "tsk0010", "created_by": 17, "project": 3, "name": "Motel management Task 2", "description": "<li className=\"odd:bg-gray-100 rounded-sm flex items-center justify-between p-2 capitalize font-medium text-gray-800 text-base md:text-lg lg:text-base\">\n\t\t\t\t\t\t\t<p>initial cost:</p>\n\t\t\t\t\t\t\t<p>${data.initial_cost || 0}</p>\n\t\t\t\t\t\t</li>\n\t\t\t\t\t\t<li className=\"odd:bg-gray-100 rounded-sm flex items-center justify-between p-2 capitalize font-medium text-gray-800 text-base md:text-lg lg:text-base\">\n\t\t\t\t\t\t\t<p>initial cost:</p>\n\t\t\t\t\t\t\t<p>${data.initial_cost || 0}</p>\n\t\t\t\t\t\t</li>\n\t\t\t\t\t\t<li className=\"odd:bg-gray-100 rounded-sm flex items-center justify-between p-2 capitalize font-medium text-gray-800 text-base md:text-lg lg:text-base\">\n\t\t\t\t\t\t\t<p>initial cost:</p>\n\t\t\t\t\t\t\t<p>${data.initial_cost || 0}</p>\n\t\t\t\t\t\t</li>\n\t\t\t\t\t\t<li className=\"odd:bg-gray-100 rounded-sm flex items-center justify-between p-2 capitalize font-medium text-gray-800 text-base md:text-lg lg:text-base\">\n\t\t\t\t\t\t\t<p>initial cost:</p>\n\t\t\t\t\t\t\t<p>${data.initial_cost || 0}</p>\n\t\t\t\t\t\t</li>\n\t\t\t\t\t\t<li className=\"odd:bg-gray-100 rounded-sm flex items-center justify-between p-2 capitalize font-medium text-gray-800 text-base md:text-lg lg:text-base\">\n\t\t\t\t\t\t\t<p>initial cost:</p>\n\t\t\t\t\t\t\t<p>${data.initial_cost || 0}</p>\n\t\t\t\t\t\t</li>\n\t\t\t\t\t\t<li className=\"odd:bg-gray-100 rounded-sm flex items-center justify-between p-2 capitalize font-medium text-gray-800 text-base md:text-lg lg:text-base\">\n\t\t\t\t\t\t\t<p>initial cost:</p>\n\t\t\t\t\t\t\t<p>${data.initial_cost || 0}</p>\n\t\t\t\t\t\t</li>", "priority": "H", "create_date": "2022-06-06", "due_date": "2022-06-01", "completed": false, "verified": false, "leaders": [20], "followers": [20, 21, 27]}}, {"model": "employees.task", "pk": 11, "fields": {"id": "tsk0011", "created_by": 17, "project": 7, "name": "Warehouse Management Task 1", "description": "Lorem ipsum dolor sit amet, consectetur adipisicing elit, sed do eiusmod\n\t\t\t\ttempor incididunt ut labore et dolore magna aliqua. Ut enim ad minim veniam,\n\t\t\t\tquis nostrud exercitation ullamco laboris nisi ut aliquip ex ea commodo\n\t\t\t\tconsequat. Duis aute irure dolor in reprehenderit in voluptate velit esse\n\t\t\t\tcillum dolore eu fugiat nulla pariatur. Excepteur sint occaecat cupidatat non\n\t\t\t\tproident, sunt in culpa qui officia deserunt mollit anim id est laborum.", "priority": "H", "create_date": "2022-06-12", "due_date": "2022-06-01", "completed": false, "verified": false, "leaders": [], "followers": [2, 24]}}, {"model": "leaves.leave", "pk": 47, "fields": {"id": "lve0047", "employee": 22, "leave_type": "C", "start_date": "2022-03-26", "end_date": "2022-03-27", "reason": "This is a test leave for sending emails", "created_by": 22, "a_s": "D", "a_hod": "P", "a_hr": "P", "a_md": "P", "date_updated": "2022-06-01T18:51:35.885", "date_requested": "2022-03-26T02:59:00.210"}}, {"model": "leaves.leave", "pk": 48, "fields": {"id": "lve0048", "employee": 22, "leave_type": "C", "start_date": "2022-03-26", "end_date": "2022-03-27", "reason": ", employee__is_hr=True, employee__is_hr=True, employee__is_hr=True, employee__is_hr=True, employee__is_hr=True", "created_by": 22, "a_s": "A", "a_hod": "D", "a_hr": "P", "a_md": "P", "date_updated": "2022-06-01T18:51:36.335", "date_requested": "2022-03-26T03:04:28.900"}}, {"model": "leaves.leave", "pk": 49, "fields": {"id": "lve0049", "employee": 22, "leave_type": "C", "start_date": "2022-03-26", "end_date": "2022-03-27", "reason": ", employee__is_hr=True, employee__is_hr=True, employee__is_hr=True, employee__is_hr=True, employee__is_hr=True, employee__is_hr=True, employee__is_hr=True, employee__is_hr=True, employee__is_hr=True, employee__is_hr=True, employee__is_hr=True", "created_by": 22, "a_s": "A", "a_hod": "A", "a_hr": "D", "a_md": "P", "date_updated": "2022-06-01T18:51:37.341", "date_requested": "2022-03-26T03:06:42.427"}}, {"model": "leaves.leave", "pk": 50, "fields": {"id": "lve0050", "employee": 22, "leave_type": "C", "start_date": "2022-03-26", "end_date": "2022-03-27", "reason": ", employee__is_hr=True, employee__is_hr=True, employee__is_hr=True, employee__is_hr=True, employee__is_hr=True, employee__is_hr=True, employee__is_hr=True, employee__is_hr=True, employee__is_hr=True, employee__is_hr=True, employee__is_hr=True", "created_by": 22, "a_s": "A", "a_hod": "A", "a_hr": "A", "a_md": "D", "date_updated": "2022-06-01T18:51:38.559", "date_requested": "2022-03-26T03:09:09.326"}}, {"model": "leaves.leave", "pk": 51, "fields": {"id": "lve0051", "employee": 22, "leave_type": "C", "start_date": "2022-03-26", "end_date": "2022-03-27", "reason": "sgsbgsdgs, employee__is_hr=True, employee__is_hr=True, employee__is_hr=True, employee__is_hr=True, employee__is_hr=True, employee__is_hr=True, employee__is_hr=True, employee__is_hr=True, employee__is_hr=True, employee__is_hr=True, employee__is_hr=True, employee__is_hr=True, employee__is_hr=True, employee__is_hr=True, employee__is_hr=True, employee__is_hr=True, employee__is_hr=True, employee__is_hr=True, employee__is_hr=True, employee__is_hr=True, employee__is_hr=True, employee__is_hr=True, employee__is_hr=True, employee__is_hr=True", "created_by": 22, "a_s": "A", "a_hod": "A", "a_hr": "A", "a_md": "A", "date_updated": "2022-06-01T18:51:39.020", "date_requested": "2022-03-26T03:15:40.049"}}, {"model": "leaves.leave", "pk": 52, "fields": {"id": "lve0052", "employee": 40, "leave_type": "C", "start_date": "2022-03-26", "end_date": "2022-03-27", "reason": "Test", "created_by": 40, "a_s": "N", "a_hod": "N", "a_hr": "N", "a_md": "D", "date_updated": "2022-06-01T18:51:39.479", "date_requested": "2022-03-26T03:30:50.410"}}, {"model": "leaves.leave", "pk": 53, "fields": {"id": "lve0053", "employee": 40, "leave_type": "C", "start_date": "2022-03-26", "end_date": "2022-03-27", "reason": "Test", "created_by": 17, "a_s": "N", "a_hod": "N", "a_hr": "N", "a_md": "A", "date_updated": "2022-06-01T18:51:39.717", "date_requested": "2022-03-26T03:32:32.341"}}, {"model": "leaves.leave", "pk": 54, "fields": {"id": "lve0054", "employee": 8, "leave_type": "C", "start_date": "2022-03-26", "end_date": "2022-03-27", "reason": "Test", "created_by": 17, "a_s": "N", "a_hod": "N", "a_hr": "N", "a_md": "A", "date_updated": "2022-06-01T18:51:40.068", "date_requested": "2022-03-26T03:35:00.192"}}, {"model": "leaves.leave", "pk": 55, "fields": {"id": "lve0055", "employee": 18, "leave_type": "C", "start_date": "2022-03-26", "end_date": "2022-03-27", "reason": "Test", "created_by": 17, "a_s": "N", "a_hod": "N", "a_hr": "N", "a_md": "A", "date_updated": "2022-06-01T18:51:40.317", "date_requested": "2022-03-26T03:36:43.974"}}, {"model": "leaves.leave", "pk": 56, "fields": {"id": "lve0056", "employee": 31, "leave_type": "C", "start_date": "2022-03-26", "end_date": "2022-03-27", "reason": "Test", "created_by": 17, "a_s": "N", "a_hod": "N", "a_hr": "N", "a_md": "A", "date_updated": "2022-06-01T18:51:40.852", "date_requested": "2022-03-26T03:37:25.715"}}, {"model": "leaves.leave", "pk": 57, "fields": {"id": "lve0057", "employee": 23, "leave_type": "C", "start_date": "2022-03-26", "end_date": "2022-03-27", "reason": "Test", "created_by": 17, "a_s": "N", "a_hod": "N", "a_hr": "N", "a_md": "A", "date_updated": "2022-06-01T18:51:41.426", "date_requested": "2022-03-26T03:42:28.831"}}, {"model": "leaves.leave", "pk": 58, "fields": {"id": "lve0058", "employee": 41, "leave_type": "C", "start_date": "2022-03-26", "end_date": "2022-03-27", "reason": "Test", "created_by": 17, "a_s": "N", "a_hod": "N", "a_hr": "N", "a_md": "A", "date_updated": "2022-06-01T18:51:41.856", "date_requested": "2022-03-26T03:44:13.569"}}, {"model": "leaves.leave", "pk": 59, "fields": {"id": "lve0059", "employee": 4, "leave_type": "C", "start_date": "2022-03-26", "end_date": "2022-03-27", "reason": "nn", "created_by": 17, "a_s": "N", "a_hod": "N", "a_hr": "N", "a_md": "A", "date_updated": "2022-06-01T18:51:42.599", "date_requested": "2022-03-26T03:46:05.538"}}, {"model": "leaves.leave", "pk": 60, "fields": {"id": "lve0060", "employee": 14, "leave_type": "C", "start_date": "2022-03-26", "end_date": "2022-03-27", "reason": "jj", "created_by": 17, "a_s": "N", "a_hod": "N", "a_hr": "N", "a_md": "A", "date_updated": "2022-06-01T18:51:42.988", "date_requested": "2022-03-26T03:47:22.945"}}, {"model": "leaves.leave", "pk": 61, "fields": {"id": "lve0061", "employee": 40, "leave_type": "C", "start_date": "2022-03-29", "end_date": "2022-03-30", "reason": "Testing leaves bro", "created_by": 40, "a_s": "N", "a_hod": "N", "a_hr": "N", "a_md": "A", "date_updated": "2022-06-01T18:51:43.408", "date_requested": "2022-03-29T22:54:54.202"}}, {"model": "leaves.leave", "pk": 62, "fields": {"id": "lve0062", "employee": 40, "leave_type": "C", "start_date": "2022-04-02", "end_date": "2022-04-03", "reason": "Just Doing Some Tests", "created_by": 40, "a_s": "N", "a_hod": "N", "a_hr": "N", "a_md": "A", "date_updated": "2022-06-01T18:51:43.988", "date_requested": "2022-04-02T20:57:53.725"}}, {"model": "leaves.leave", "pk": 63, "fields": {"id": "lve0063", "employee": 20, "leave_type": "C", "start_date": "2022-04-03", "end_date": "2022-04-04", "reason": "Testing Testing One Two  Shay", "created_by": 20, "a_s": "N", "a_hod": "N", "a_hr": "A", "a_md": "A", "date_updated": "2022-06-01T18:51:44.342", "date_requested": "2022-04-03T01:32:47.539"}}, {"model": "leaves.leave", "pk": 64, "fields": {"id": "lve0064", "employee": 20, "leave_type": "C", "start_date": "2022-04-05", "end_date": "2022-04-06", "reason": "Testing Again", "created_by": 20, "a_s": "N", "a_hod": "N", "a_hr": "P", "a_md": "P", "date_updated": "2022-06-01T18:51:44.558", "date_requested": "2022-04-05T19:54:19.117"}}, {"model": "leaves.leave", "pk": 66, "fields": {"id": "lve0066", "employee": 17, "leave_type": "C", "start_date": "2022-05-15", "end_date": "2022-05-16", "reason": "This is not for you", "created_by": 17, "a_s": "N", "a_hod": "N", "a_hr": "N", "a_md": "A", "date_updated": "2022-06-01T18:51:44.737", "date_requested": "2022-05-15T21:36:01.815"}}, {"model": "leaves.leave", "pk": 67, "fields": {"id": "lve0067", "employee": 17, "leave_type": "M", "start_date": "2022-05-16", "end_date": "2022-05-24", "reason": "Testing Leave Request Again", "created_by": 17, "a_s": "N", "a_hod": "N", "a_hr": "N", "a_md": "A", "date_updated": "2022-06-01T18:51:44.992", "date_requested": "2022-05-16T20:31:10.393"}}, {"model": "leaves.leave", "pk": 68, "fields": {"id": "lve0068", "employee": 146, "leave_type": "C", "start_date": "2022-05-18", "end_date": "2022-05-19", "reason": "Testing My Backend", "created_by": 17, "a_s": "N", "a_hod": "N", "a_hr": "N", "a_md": "A", "date_updated": "2022-06-01T18:51:45.344", "date_requested": "2022-05-18T15:48:19.414"}}, {"model": "leaves.leave", "pk": 70, "fields": {"id": "lve0069", "employee": 20, "leave_type": "C", "start_date": "2022-06-08", "end_date": "2022-06-09", "reason": "abc", "created_by": 17, "a_s": "N", "a_hod": "N", "a_hr": "N", "a_md": "A", "date_updated": "2022-06-08T01:17:36.925", "date_requested": "2022-06-08T01:17:36.925"}}, {"model": "leaves.leave", "pk": 71, "fields": {"id": "lve0071", "employee": 17, "leave_type": "C", "start_date": "2022-06-13", "end_date": "2022-06-14", "reason": "asdfghjkjkl;", "created_by": 17, "a_s": "N", "a_hod": "N", "a_hr": "N", "a_md": "A", "date_updated": "2022-06-13T19:11:19.342", "date_requested": "2022-06-13T19:11:19.343"}}, {"model": "leaves.leave", "pk": 81, "fields": {"id": "lve0072", "employee": 17, "leave_type": "C", "start_date": "2022-06-30", "end_date": "2022-07-10", "reason": "qwert", "created_by": 17, "a_s": "N", "a_hod": "N", "a_hr": "N", "a_md": "A", "date_updated": "2022-06-16T01:49:58.096", "date_requested": "2022-06-16T01:49:58.096"}}, {"model": "leaves.leave", "pk": 82, "fields": {"id": "lve0082", "employee": 17, "leave_type": "C", "start_date": "2022-08-06", "end_date": "2022-08-26", "reason": "Just for test", "created_by": 17, "a_s": "N", "a_hod": "N", "a_hr": "N", "a_md": "A", "date_updated": "2022-06-16T04:15:40.522", "date_requested": "2022-06-16T04:15:40.522"}}, {"model": "leaves.leave", "pk": 83, "fields": {"id": "lve0083", "employee": 17, "leave_type": "C", "start_date": "2022-09-09", "end_date": "2022-09-10", "reason": "Just fir anothet ytrtr", "created_by": 17, "a_s": "N", "a_hod": "N", "a_hr": "N", "a_md": "A", "date_updated": "2022-06-16T04:16:14.611", "date_requested": "2022-06-16T04:16:14.611"}}, {"model": "leaves.leave", "pk": 84, "fields": {"id": "lve0084", "employee": 22, "leave_type": "C", "start_date": "2022-06-17", "end_date": "2022-06-18", "reason": "Just Testing", "created_by": 22, "a_s": "A", "a_hod": "P", "a_hr": "P", "a_md": "P", "date_updated": "2022-06-17T19:49:01.059", "date_requested": "2022-06-17T19:48:07.842"}}, {"model": "leaves.overtime", "pk": 2, "fields": {"id": "ovt0001", "employee": 17, "overtime_type": "V", "date": "2022-06-07", "hours": 2, "reason": "Just for swag", "created_by": 17, "a_s": "N", "a_hod": "N", "a_hr": "N", "a_md": "A", "date_updated": "2022-06-13T19:16:55.893", "date_requested": "2022-06-07T18:46:51.253"}}, {"model": "leaves.overtime", "pk": 10, "fields": {"id": "ovt0003", "employee": 22, "overtime_type": "V", "date": "2022-06-07", "hours": 2, "reason": "Testing email sending", "created_by": 22, "a_s": "A", "a_hod": "A", "a_hr": "A", "a_md": "A", "date_updated": "2022-06-13T19:16:56.175", "date_requested": "2022-06-07T19:45:31.736"}}, {"model": "leaves.overtime", "pk": 11, "fields": {"id": "ovt0011", "employee": 17, "overtime_type": "C", "date": "2022-06-09", "hours": 2, "reason": "Just for swag", "created_by": 17, "a_s": "N", "a_hod": "N", "a_hr": "N", "a_md": "A", "date_updated": "2022-06-13T19:16:56.456", "date_requested": "2022-06-08T00:32:25.623"}}, {"model": "leaves.overtime", "pk": 12, "fields": {"id": "ovt0012", "employee": 17, "overtime_type": "C", "date": "2022-06-08", "hours": 2, "reason": "Just for swag", "created_by": 17, "a_s": "N", "a_hod": "N", "a_hr": "N", "a_md": "A", "date_updated": "2022-06-13T19:16:56.703", "date_requested": "2022-06-08T00:34:14.094"}}, {"model": "leaves.overtime", "pk": 13, "fields": {"id": "ovt0013", "employee": 17, "overtime_type": "C", "date": "2022-06-10", "hours": 2, "reason": "Just for swag", "created_by": 17, "a_s": "N", "a_hod": "N", "a_hr": "N", "a_md": "A", "date_updated": "2022-06-13T19:16:56.922", "date_requested": "2022-06-08T00:34:27.663"}}, {"model": "leaves.overtime", "pk": 14, "fields": {"id": "ovt0014", "employee": 17, "overtime_type": "C", "date": "2022-06-25", "hours": 2, "reason": "Just for swag", "created_by": 17, "a_s": "N", "a_hod": "N", "a_hr": "N", "a_md": "A", "date_updated": "2022-06-13T19:16:57.266", "date_requested": "2022-06-08T00:41:28.153"}}, {"model": "leaves.overtime", "pk": 16, "fields": {"id": "ovt0016", "employee": 37, "overtime_type": "C", "date": "2022-06-08", "hours": 2, "reason": "Just for swag", "created_by": 17, "a_s": "N", "a_hod": "N", "a_hr": "N", "a_md": "A", "date_updated": "2022-06-13T19:16:57.531", "date_requested": "2022-06-08T01:30:57.595"}}, {"model": "leaves.overtime", "pk": 19, "fields": {"id": "ovt0019", "employee": 17, "overtime_type": "V", "date": "2022-05-13", "hours": 2, "reason": "Just for swag", "created_by": 17, "a_s": "P", "a_hod": "P", "a_hr": "P", "a_md": "P", "date_updated": "2022-06-13T19:16:58.495", "date_requested": "2022-06-09T03:31:36.395"}}, {"model": "leaves.overtime", "pk": 20, "fields": {"id": "ovt0020", "employee": 17, "overtime_type": "C", "date": "2022-06-17", "hours": 2, "reason": "Let's see what i get", "created_by": 17, "a_s": "N", "a_hod": "N", "a_hr": "N", "a_md": "A", "date_updated": "2022-06-13T19:16:58.727", "date_requested": "2022-06-10T19:45:45.954"}}, {"model": "leaves.overtime", "pk": 21, "fields": {"id": "ovt0021", "employee": 17, "overtime_type": "V", "date": "2022-06-24", "hours": 3, "reason": "Just for Test", "created_by": 17, "a_s": "N", "a_hod": "N", "a_hr": "N", "a_md": "A", "date_updated": "2022-06-16T04:07:57.743", "date_requested": "2022-06-16T04:07:57.743"}}, {"model": "jobs.job", "pk": 1, "fields": {"id": "job0001", "name": "IT specialist"}}, {"model": "jobs.job", "pk": 2, "fields": {"id": "job0002", "name": "HR Manager"}}, {"model": "jobs.job", "pk": 3, "fields": {"id": "job0003", "name": "accountant"}}, {"model": "jobs.job", "pk": 4, "fields": {"id": "job0004", "name": "engineer"}}, {"model": "jobs.job", "pk": 5, "fields": {"id": "job0005", "name": "cater"}}, {"model": "jobs.job", "pk": 6, "fields": {"id": "job0006", "name": "managing director"}}, {"model": "jobs.job", "pk": 7, "fields": {"id": "job0007", "name": "catery"}}, {"model": "jobs.job", "pk": 12, "fields": {"id": "job0012", "name": "culinary"}}, {"model": "jobs.job", "pk": 13, "fields": {"id": "job0013", "name": "account manager"}}, {"model": "jobs.job", "pk": 18, "fields": {"id": "job0014", "name": "worker"}}, {"model": "notifications.notification", "pk": 1, "fields": {"_type": "O", "sender": 22, "recipient": 5, "message": "KRILLIN BALDILOCKS sent a request for overtime.", "message_id": "ovt0003", "read": true, "date_sent": "2022-06-07T19:38:50.875"}}, {"model": "notifications.notification", "pk": 2, "fields": {"_type": "O", "sender": 22, "recipient": 5, "message": "KRILLIN BALDILOCKS sent a request for overtime.", "message_id": "ovt0003", "read": true, "date_sent": "2022-06-07T19:39:42.636"}}, {"model": "notifications.notification", "pk": 3, "fields": {"_type": "O", "sender": 22, "recipient": 5, "message": "KRILLIN BALDILOCKS sent a request for overtime.", "message_id": "ovt0003", "read": true, "date_sent": "2022-06-07T19:40:36.931"}}, {"model": "notifications.notification", "pk": 4, "fields": {"_type": "O", "sender": 22, "recipient": 5, "message": "KRILLIN BALDILOCKS sent a request for overtime.", "message_id": "ovt0003", "read": true, "date_sent": "2022-06-07T19:42:15.338"}}, {"model": "notifications.notification", "pk": 5, "fields": {"_type": "O", "sender": 22, "recipient": 5, "message": "KRILLIN BALDILOCKS sent a request for overtime.", "message_id": "ovt0003", "read": true, "date_sent": "2022-06-07T19:44:10.036"}}, {"model": "notifications.notification", "pk": 6, "fields": {"_type": "O", "sender": 22, "recipient": 5, "message": "KRILLIN BALDILOCKS sent a request for overtime.", "message_id": "ovt0003", "read": true, "date_sent": "2022-06-07T19:45:31.984"}}, {"model": "notifications.notification", "pk": 7, "fields": {"_type": "O", "sender": 5, "recipient": 22, "message": "June Doe the/your Supervisor denied your request for overtime.", "message_id": "ovt0003", "read": false, "date_sent": "2022-06-07T19:54:27.580"}}, {"model": "notifications.notification", "pk": 8, "fields": {"_type": "O", "sender": 5, "recipient": 22, "message": "June Doe the/your Supervisor denied your request for overtime.", "message_id": "ovt0003", "read": false, "date_sent": "2022-06-07T19:56:08.640"}}, {"model": "notifications.notification", "pk": 9, "fields": {"_type": "O", "sender": 22, "recipient": 20, "message": "KRILLIN BALDILOCKS sent a request for overtime.", "message_id": "ovt0003", "read": false, "date_sent": "2022-06-07T19:56:59.057"}}, {"model": "notifications.notification", "pk": 10, "fields": {"_type": "O", "sender": 20, "recipient": 22, "message": "Angel Damien the Head Of Department denied your request for overtime.", "message_id": "ovt0003", "read": false, "date_sent": "2022-06-07T19:58:28.922"}}, {"model": "notifications.notification", "pk": 11, "fields": {"_type": "O", "sender": 22, "recipient": 40, "message": "KRILLIN BALDILOCKS sent a request for overtime.", "message_id": "ovt0003", "read": false, "date_sent": "2022-06-07T19:59:25.400"}}, {"model": "notifications.notification", "pk": 12, "fields": {"_type": "O", "sender": 40, "recipient": 22, "message": "Test User the Human Resource Manager denied your request for overtime.", "message_id": "ovt0003", "read": false, "date_sent": "2022-06-07T20:01:18.839"}}, {"model": "notifications.notification", "pk": 14, "fields": {"_type": "O", "sender": 17, "recipient": 22, "message": "Gray Yeon the Managing Director approved your request for overtime.", "message_id": "ovt0003", "read": false, "date_sent": "2022-06-07T20:03:20.047"}}, {"model": "notifications.notification", "pk": 15, "fields": {"_type": "L", "sender": 17, "recipient": 20, "message": "Gray Yeon the Managing Director approved your request for a leave.", "message_id": "lve0069", "read": false, "date_sent": "2022-06-08T01:17:37.509"}}, {"model": "notifications.notification", "pk": 16, "fields": {"_type": "L", "sender": 17, "recipient": null, "message": "Gray Yeon the Managing Director approved your request for a leave.", "message_id": "ovt0015", "read": false, "date_sent": "2022-06-08T01:28:46.941"}}, {"model": "notifications.notification", "pk": 17, "fields": {"_type": "L", "sender": 17, "recipient": 37, "message": "Gray Yeon the Managing Director approved your request for a leave.", "message_id": "ovt0016", "read": false, "date_sent": "2022-06-08T01:30:58.238"}}, {"model": "notifications.notification", "pk": 18, "fields": {"_type": "L", "sender": 17, "recipient": null, "message": "Gray Yeon the Managing Director approved your request for a leave.", "message_id": "ovt0017", "read": false, "date_sent": "2022-06-08T01:35:41.056"}}, {"model": "notifications.notification", "pk": 24, "fields": {"_type": "L", "sender": 22, "recipient": 5, "message": "KRILLIN BALDILOCKS sent a request for leave", "message_id": "lve0084", "read": true, "date_sent": "2022-06-17T19:48:08.190"}}, {"model": "notifications.notification", "pk": 25, "fields": {"_type": "L", "sender": 22, "recipient": null, "message": "KRILLIN BALDILOCKS sent a request for leave", "message_id": "lve0084", "read": false, "date_sent": "2022-06-17T19:49:01.580"}}, {"model": "users.user", "pk": 1, "fields": {"password": "pbkdf2_sha256$320000$5CrLeLhafEm1kVveidCx0n$PM2FEI8CpjiuYm+23PGUwlkGW3+FJ5Sz41cHvhrm1e4=", "last_login": "2022-05-19T04:48:29.320", "is_superuser": true, "id": "usr0001", "email": "admin@kitehrms.com", "first_name": "admin", "last_name": "kite", "is_active": true, "is_admin": true, "date_joined": "2022-01-30T10:04:45.257", "groups": [], "user_permissions": []}}, {"model": "users.user", "pk": 15, "fields": {"password": "pbkdf2_sha256$216000$tqGMKaZgA86D$tBzpNmRJyZC85jiUnJOtbY4LEWATsvApicoHNkwUW9k=", "last_login": null, "is_superuser": false, "id": "usr0015", "email": "johndoe@kitehrms.com", "first_name": "John", "last_name": "Doe", "is_active": true, "is_admin": false, "date_joined": "2022-02-02T19:09:08.111", "groups": [], "user_permissions": []}}, {"model": "users.user", "pk": 16, "fields": {"password": "pbkdf2_sha256$216000$9dGT2kpNr3lN$SUYHZbAScX5dRk0OBalv66qkw/HIYW5SAyTwioL9/BI=", "last_login": "2022-02-22T14:11:00.389", "is_superuser": false, "id": "usr0016", "email": "janedoe@kitehrms.com", "first_name": "Jane", "last_name": "Doe", "is_active": true, "is_admin": false, "date_joined": "2022-02-02T19:12:28.848", "groups": [], "user_permissions": []}}, {"model": "users.user", "pk": 17, "fields": {"password": "pbkdf2_sha256$216000$2y4ctoFmTqal$h7b8xIMsTHNkJW6ctoKDIW8mfcbSS93nxQaPe6jn53Y=", "last_login": null, "is_superuser": false, "id": "usr0017", "email": "jilldoe@kitehrms.com", "first_name": "Jill", "last_name": "Doe", "is_active": true, "is_admin": false, "date_joined": "2022-02-02T19:19:41.461", "groups": [], "user_permissions": []}}, {"model": "users.user", "pk": 18, "fields": {"password": "pbkdf2_sha256$320000$fuPo4PrOIUizv2ojwMaDsc$+xlSWql7fhUZSLDN8cL6aSkJ2IWdJrdVFfvkisCa8VM=", "last_login": "2022-06-17T19:48:35.215", "is_superuser": false, "id": "usr0018", "email": "supervisor@kitehrms.com", "first_name": "June", "last_name": "Doe", "is_active": true, "is_admin": false, "date_joined": "2022-02-02T19:20:48.053", "groups": [], "user_permissions": []}}, {"model": "users.user", "pk": 19, "fields": {"password": "pbkdf2_sha256$216000$S5yXSC6mqCvo$WC/tx8A7rFJmEoo9YyaPQgHzTv7d48WABoawTniEU5U=", "last_login": null, "is_superuser": false, "id": "usr0019", "email": "jamesdoe@kitehrms.com", "first_name": "James", "last_name": "Doe", "is_active": true, "is_admin": false, "date_joined": "2022-02-02T19:25:46.515", "groups": [], "user_permissions": []}}, {"model": "users.user", "pk": 23, "fields": {"password": "pbkdf2_sha256$216000$Ab0LMuadSZRd$ti7yMNwC/WAvEBsyhAE4q4SH/tFzFDLsSzolgNuUqNQ=", "last_login": null, "is_superuser": false, "id": "usr0023", "email": "jamesjohn@kitehrms.com", "first_name": "James", "last_name": "John", "is_active": true, "is_admin": false, "date_joined": "2022-02-03T18:58:39.343", "groups": [], "user_permissions": []}}, {"model": "users.user", "pk": 24, "fields": {"password": "pbkdf2_sha256$216000$ZlRPXbOcjVDd$DzXWNCMNtxyPI4d9W9Oywru1YlaSKRnGPX0FLe5spxI=", "last_login": null, "is_superuser": false, "id": "usr0024", "email": "johnbird@kitehrms.com", "first_name": "John", "last_name": "Bird", "is_active": true, "is_admin": false, "date_joined": "2022-02-03T19:39:28.919", "groups": [], "user_permissions": []}}, {"model": "users.user", "pk": 27, "fields": {"password": "pbkdf2_sha256$216000$fxWRgpiyjl0D$DotBZl12bdg+MJ8bN7NMDpecpgHgMGH5LVwbWMDlblM=", "last_login": null, "is_superuser": false, "id": "usr0027", "email": "painagato@kitehrms.com", "first_name": "Pain", "last_name": "Nagato", "is_active": true, "is_admin": true, "date_joined": "2022-02-03T21:24:58.721", "groups": [], "user_permissions": []}}, {"model": "users.user", "pk": 28, "fields": {"password": "pbkdf2_sha256$216000$mTyl1TuIJqxZ$FwZ0jQnzZFF3mo2AH4G87Jw1sX0q8JDka/nGFG9eUJE=", "last_login": null, "is_superuser": false, "id": "usr0028", "email": "erenjaeger@kitehrms.com", "first_name": "Eren", "last_name": "Jaeger", "is_active": true, "is_admin": false, "date_joined": "2022-02-03T21:27:22.965", "groups": [], "user_permissions": []}}, {"model": "users.user", "pk": 29, "fields": {"password": "pbkdf2_sha256$216000$XC2E76r1JgVY$Hg4OqivWC96BydLbsvTisPyV3yMIRaIGqyScOnjehtY=", "last_login": null, "is_superuser": false, "id": "usr0029", "email": "randomguy@kitehrms.com", "first_name": "Random", "last_name": "Guy", "is_active": true, "is_admin": false, "date_joined": "2022-02-03T21:30:08.644", "groups": [], "user_permissions": []}}, {"model": "users.user", "pk": 30, "fields": {"password": "pbkdf2_sha256$216000$rJx6H1yCtlgj$PD1fKaPFpsysLTfnW3v5rvPvdULrewLLVgZt5RVbMjE=", "last_login": null, "is_superuser": false, "id": "usr0030", "email": "emma@kitehrms.com", "first_name": "Emma", "last_name": "Promise", "is_active": true, "is_admin": true, "date_joined": "2022-02-03T21:34:59.397", "groups": [], "user_permissions": []}}, {"model": "users.user", "pk": 31, "fields": {"password": "pbkdf2_sha256$216000$43K4OmZp0yEH$3XnZmZOuQ9qPAKZkrMefn0OMzAPAXrPLhx1lOMGPtZQ=", "last_login": null, "is_superuser": false, "id": "usr0031", "email": "goku@kitehrms.com", "first_name": "Goku", "last_name": "Saiyan", "is_active": true, "is_admin": false, "date_joined": "2022-02-03T21:36:27.082", "groups": [], "user_permissions": []}}, {"model": "users.user", "pk": 33, "fields": {"password": "pbkdf2_sha256$320000$ojCdHCdgWw6xCqcfKMg14p$f/8nuvrAU55ao2qS3PkaEwageW7q+hmOee3r8v6Oi2w=", "last_login": "2022-06-19T16:01:30.139", "is_superuser": true, "id": "usr0033", "email": "md@kitehrms.com", "first_name": "Blue", "last_name": "Yeon", "is_active": true, "is_admin": true, "date_joined": "2022-02-04T21:38:44.150", "groups": [], "user_permissions": []}}, {"model": "users.user", "pk": 34, "fields": {"password": "pbkdf2_sha256$216000$b1HAmZCuy2xa$DRbmfwx1Bo4GYXgVtkqZo31ejUdJGdn6pIbhjWJC1cE=", "last_login": null, "is_superuser": false, "id": "usr0034", "email": "hinatahyuga@kitehrms.com", "first_name": "hinata", "last_name": "hyuga", "is_active": false, "is_admin": false, "date_joined": "2022-02-04T21:45:50.474", "groups": [], "user_permissions": []}}, {"model": "users.user", "pk": 35, "fields": {"password": "pbkdf2_sha256$216000$R1PcDmV3q59t$pjCiNPH/zmNFJj9ziApkyULdAlbHFRzuLoqIN3Jg0IA=", "last_login": null, "is_superuser": false, "id": "usr0035", "email": "gabrieljohnson@kitehrms.com", "first_name": "Gabriel", "last_name": "Johnson", "is_active": true, "is_admin": false, "date_joined": "2022-02-05T18:52:29.065", "groups": [], "user_permissions": []}}, {"model": "users.user", "pk": 44, "fields": {"password": "pbkdf2_sha256$320000$0BtMrbhM49rmH2xuyGFXqz$mn9WhVVPx4/+GLh7Lz3K1lib08cUcQORsBUKYiT9B78=", "last_login": "2022-06-07T19:57:48.270", "is_superuser": false, "id": "usr0044", "email": "hod@kitehrms.com", "first_name": "Angel", "last_name": "Damien", "is_active": true, "is_admin": true, "date_joined": "2022-02-05T20:48:39.528", "groups": [], "user_permissions": []}}, {"model": "users.user", "pk": 45, "fields": {"password": "pbkdf2_sha256$216000$RU0N15dz94N5$NQm9zx3WMFpdjyJDQdCpZ5ZwqSU2QXOVccbPPK8qgAw=", "last_login": "2022-02-16T14:21:36.573", "is_superuser": false, "id": "usr0045", "email": "davebond@kitehrms.com", "first_name": "Dave", "last_name": "Bond", "is_active": true, "is_admin": false, "date_joined": "2022-02-05T20:57:27.800", "groups": [], "user_permissions": []}}, {"model": "users.user", "pk": 46, "fields": {"password": "pbkdf2_sha256$320000$3ItqYAsd8ecH91q9TcrjAX$sbAGxePu2sX0KcZ7dDTMU5JkgsX7VJEOako1hd9BBRQ=", "last_login": "2022-06-17T19:47:29.600", "is_superuser": false, "id": "usr0046", "email": "employee@kitehrms.com", "first_name": "Krillin", "last_name": "Baldilocks", "is_active": true, "is_admin": false, "date_joined": "2022-02-05T21:05:47.870", "groups": [], "user_permissions": []}}, {"model": "users.user", "pk": 47, "fields": {"password": "pbkdf2_sha256$216000$JbVLnDO9uLgY$xmGR19ZVVZa/UY6u6HJoADap2PhKn23MjZtyvhefIxE=", "last_login": null, "is_superuser": false, "id": "usr0047", "email": "good@kitehrms.com", "first_name": "Jameyjay", "last_name": "Goodboy", "is_active": false, "is_admin": false, "date_joined": "2022-02-05T21:15:56.815", "groups": [], "user_permissions": []}}, {"model": "users.user", "pk": 48, "fields": {"password": "pbkdf2_sha256$216000$MaFG1rMoC50A$h0zEgeilWLR3GpNmNinLJg1u5TSitTTRTZXJXol+U4E=", "last_login": null, "is_superuser": false, "id": "usr0048", "email": "johncameron@kitehrms.com", "first_name": "John", "last_name": "Cameron", "is_active": true, "is_admin": false, "date_joined": "2022-02-05T21:24:52.851", "groups": [], "user_permissions": []}}, {"model": "users.user", "pk": 49, "fields": {"password": "pbkdf2_sha256$216000$0Vp1I1hmFfnB$F4QDfag1Mi7HAsX3fnjgYE0ZivhH7koGGrGE2qvgnQU=", "last_login": null, "is_superuser": false, "id": "usr0049", "email": "gabedaniel@kitehrms.com", "first_name": "Gabe", "last_name": "Daniel", "is_active": true, "is_admin": false, "date_joined": "2022-02-06T11:55:06.041", "groups": [], "user_permissions": []}}, {"model": "users.user", "pk": 50, "fields": {"password": "pbkdf2_sha256$216000$anS160nvYd7T$L1tCzwlESVgreGVDyAmbeZsZHiSTKG7Xgs8vU9XvGRI=", "last_login": null, "is_superuser": false, "id": "usr0050", "email": "fionakingscrown@kitehrms.com", "first_name": "Fiona", "last_name": "Kingscrown", "is_active": true, "is_admin": false, "date_joined": "2022-02-06T11:57:58.821", "groups": [], "user_permissions": []}}, {"model": "users.user", "pk": 51, "fields": {"password": "pbkdf2_sha256$216000$2LF5tOiuJTHV$CRDpEftejLNoyNhCdqaPBU+IK4w1iGjBjEW4lF10m58=", "last_login": null, "is_superuser": false, "id": "usr0051", "email": "austinrockfeller@kitehrms.com", "first_name": "Austin", "last_name": "Rockfellter", "is_active": true, "is_admin": false, "date_joined": "2022-02-06T12:15:28.129", "groups": [], "user_permissions": []}}, {"model": "users.user", "pk": 52, "fields": {"password": "pbkdf2_sha256$216000$OV6ZCsQX2rfO$srNF6QcY86nafweHgcUXQOs0kM0++nar6V9N+Uajqis=", "last_login": null, "is_superuser": false, "id": "usr0052", "email": "gabet@kitehrms.com", "first_name": "Gabe", "last_name": "Daniel", "is_active": true, "is_admin": false, "date_joined": "2022-02-06T18:33:04.034", "groups": [], "user_permissions": []}}, {"model": "users.user", "pk": 53, "fields": {"password": "pbkdf2_sha256$216000$JovpDpBaDUdq$e7VC4AvKhTJrO+vr97pojglNFkn8XJzFAmty6nq3XEA=", "last_login": null, "is_superuser": false, "id": "usr0053", "email": "gabe@kitehrms.com", "first_name": "Gabe", "last_name": "Daniel", "is_active": true, "is_admin": false, "date_joined": "2022-02-06T18:34:45.140", "groups": [], "user_permissions": []}}, {"model": "users.user", "pk": 54, "fields": {"password": "pbkdf2_sha256$216000$5W6dvDODXjal$jUatXH791gF+big7KUtsBTBLvsSpYzfUvEz5lh+4YLA=", "last_login": null, "is_superuser": false, "id": "usr0054", "email": "gabeey@kitehrms.com", "first_name": "Gabe", "last_name": "Daniel", "is_active": true, "is_admin": false, "date_joined": "2022-02-06T18:36:30.792", "groups": [], "user_permissions": []}}, {"model": "users.user", "pk": 55, "fields": {"password": "pbkdf2_sha256$216000$6WxLtUKVOmCN$Jagw8pnq7QEP7NmFm/RsEcUWE5SAy2tzCT4ahUPPFjA=", "last_login": null, "is_superuser": false, "id": "usr0055", "email": "gabi@kitehrms.com", "first_name": "Gabe", "last_name": "Daniel", "is_active": false, "is_admin": false, "date_joined": "2022-02-06T18:39:39.339", "groups": [], "user_permissions": []}}, {"model": "users.user", "pk": 56, "fields": {"password": "pbkdf2_sha256$216000$EwuWCsDd6Ils$78YbfE7iQIhu59+678RtboJMzHnAW1Wo9r7S2FjjYxU=", "last_login": null, "is_superuser": false, "id": "usr0056", "email": "jenniferanderson@kitehrms.com", "first_name": "Jennifer", "last_name": "Anderson", "is_active": true, "is_admin": false, "date_joined": "2022-02-07T18:47:04.623", "groups": [], "user_permissions": []}}, {"model": "users.user", "pk": 57, "fields": {"password": "pbkdf2_sha256$216000$YHEipb0P0m7M$SOJVSxhhKruP6ziarOfylXYIZ561rDgD/L78z68lCFM=", "last_login": null, "is_superuser": false, "id": "usr0057", "email": "grayjames@kitehrms.com", "first_name": "Gray", "last_name": "James", "is_active": true, "is_admin": false, "date_joined": "2022-02-07T20:18:29.537", "groups": [], "user_permissions": []}}, {"model": "users.user", "pk": 58, "fields": {"password": "pbkdf2_sha256$320000$w01jpZpjKFycPFeJFJIlXi$8U9cv5DqIE0NgwomxRdUJXN5DboqofvRnJUhaSavIMw=", "last_login": "2022-03-25T15:14:50.297", "is_superuser": false, "id": "usr0058", "email": "mark@kitehrms.com", "first_name": "Mark", "last_name": "Example", "is_active": true, "is_admin": false, "date_joined": "2022-02-08T12:55:19.957", "groups": [], "user_permissions": []}}, {"model": "users.user", "pk": 63, "fields": {"password": "pbkdf2_sha256$216000$It3YpWHFZi9o$9OXxGRUvxHfe46oKbnDTGmc0vrVTs6h/++2732OhAF8=", "last_login": null, "is_superuser": false, "id": "usr0063", "email": "billyjames@kitehrms.com", "first_name": "Billy", "last_name": "JAmes", "is_active": true, "is_admin": false, "date_joined": "2022-02-08T17:53:54.773", "groups": [], "user_permissions": []}}, {"model": "users.user", "pk": 67, "fields": {"password": "pbkdf2_sha256$320000$IA5awRxngVCJtvLnosdnGW$LDJsSwks99J72n3z0fM4Eb6Vx3jL4cAhH9YnLMj/X+0=", "last_login": "2022-06-13T20:15:42.674", "is_superuser": false, "id": "usr0067", "email": "hr@kitehrms.com", "first_name": "Test", "last_name": "User", "is_active": true, "is_admin": true, "date_joined": "2022-03-03T19:43:22.461", "groups": [], "user_permissions": []}}, {"model": "users.user", "pk": 68, "fields": {"password": "", "last_login": null, "is_superuser": false, "id": "usr0068", "email": "testing@kitehrms.com", "first_name": "test", "last_name": "kite", "is_active": true, "is_admin": false, "date_joined": "2022-03-17T19:14:52.705", "groups": [], "user_permissions": []}}, {"model": "users.user", "pk": 69, "fields": {"password": "pbkdf2_sha256$320000$VhdrssDiU9R39M5D6DhGvx$ZZQpCf5GoTW/Xx4m9T6rnb/pi7Xoo+OCANLgYAPKI24=", "last_login": null, "is_superuser": false, "id": "usr0069", "email": "johnbrew@kitehrms.com", "first_name": "John", "last_name": "Brew", "is_active": true, "is_admin": false, "date_joined": "2022-03-22T13:26:28.686", "groups": [], "user_permissions": []}}, {"model": "users.user", "pk": 172, "fields": {"password": "pbkdf2_sha256$320000$tOvKHHgFeMswsvUK89xlRu$yloV4wOt8KQYFd2s2FJ2IPBckXRanhNpRCw1tV2kIH4=", "last_login": null, "is_superuser": false, "id": "usr0172", "email": "johndoe13@kitehrms.com", "first_name": "Johnson", "last_name": "Doeson", "is_active": true, "is_admin": false, "date_joined": "2022-05-17T19:55:36.544", "groups": [], "user_permissions": []}}, {"model": "users.user", "pk": 173, "fields": {"password": "pbkdf2_sha256$320000$ERCuDUsXTr9dXsVQSGRxVi$tz5aM9mS+YUDPs1FvqVephcK1zLO4QMqTxUwP81thxo=", "last_login": null, "is_superuser": false, "id": "usr0173", "email": "johndoe11@kitehrms.com", "first_name": "John", "last_name": "Doe", "is_active": true, "is_admin": false, "date_joined": "2022-05-17T20:04:43.012", "groups": [], "user_permissions": []}}, {"model": "users.user", "pk": 174, "fields": {"password": "pbkdf2_sha256$320000$ktdidpXosyJ0KyIZG15QDU$zsupOB9ACnOxUDGNJh27YnymF1Mz4k5dCNaIFLD6yIQ=", "last_login": "2022-05-22T23:42:37.368", "is_superuser": false, "id": "usr0174", "email": "johnsondavid@kitehrms.com", "first_name": "Johnson", "last_name": "David", "is_active": true, "is_admin": false, "date_joined": "2022-05-17T20:57:00.694", "groups": [], "user_permissions": []}}, {"model": "users.user", "pk": 175, "fields": {"password": "pbkdf2_sha256$320000$n3kIrxAVoCptRFfik9qPYH$E0kY7PRBiR/pc+VVSBMI1JLjrl8K2e4ZrfsJaNdnGPU=", "last_login": null, "is_superuser": false, "id": "usr0175", "email": "johnclient@kitehrms.com", "first_name": "John", "last_name": "Client", "is_active": true, "is_admin": false, "date_joined": "2022-05-19T04:52:08.963", "groups": [], "user_permissions": []}}, {"model": "users.user", "pk": 176, "fields": {"password": "", "last_login": null, "is_superuser": false, "id": "usr0176", "email": "janeclient@kitehrms.com", "first_name": "Jane", "last_name": "Client", "is_active": true, "is_admin": false, "date_joined": "2022-05-19T10:23:10.658", "groups": [], "user_permissions": []}}, {"model": "users.user", "pk": 177, "fields": {"password": "", "last_login": null, "is_superuser": false, "id": "usr0177", "email": "juneclient@kitehrms.com", "first_name": "June", "last_name": "Client", "is_active": true, "is_admin": false, "date_joined": "2022-05-19T10:26:32.018", "groups": [], "user_permissions": []}}, {"model": "users.user", "pk": 178, "fields": {"password": "pbkdf2_sha256$320000$G5yZhq8GPd8G2TN5dRfEDy$5R3pf24SFxehfj3KP8VEFzShYYtYVbEeFlFGut0+6kA=", "last_login": null, "is_superuser": false, "id": "usr0178", "email": "adamsclient@kitehrms.com", "first_name": "Adams", "last_name": "Client", "is_active": false, "is_admin": false, "date_joined": "2022-05-19T10:30:03.134", "groups": [], "user_permissions": []}}, {"model": "users.user", "pk": 180, "fields": {"password": "", "last_login": null, "is_superuser": false, "id": "usr0180", "email": "jamesclient@kitehrms.com", "first_name": "James", "last_name": "Client", "is_active": true, "is_admin": false, "date_joined": "2022-05-19T10:40:26.593", "groups": [], "user_permissions": []}}, {"model": "users.user", "pk": 182, "fields": {"password": "", "last_login": null, "is_superuser": false, "id": "usr0182", "email": "jamesolsen@kitehrms.com", "first_name": "James", "last_name": "Olsen", "is_active": true, "is_admin": false, "date_joined": "2022-05-19T18:43:55.730", "groups": [], "user_permissions": []}}, {"model": "users.user", "pk": 183, "fields": {"password": "pbkdf2_sha256$320000$eFyWNISEUbFeuX64D3zlWk$C4o1pd83W3L2nL0rS7oEeVhJr9iugne5JufzwMwnnkU=", "last_login": null, "is_superuser": false, "id": "usr0183", "email": "janesimmons@kitehrms.com", "first_name": "Jane", "last_name": "Simmons", "is_active": true, "is_admin": false, "date_joined": "2022-05-19T18:57:57.849", "groups": [], "user_permissions": []}}, {"model": "users.user", "pk": 184, "fields": {"password": "pbkdf2_sha256$320000$raxKUuyuzJruJEakniiSln$yswGByNvLo5ag/c5bxoLXNmr9zNcRI66TNGfzc5I/i0=", "last_login": null, "is_superuser": false, "id": "usr0184", "email": "rubyanda@kitehrms.com", "first_name": "Ruby", "last_name": "Anda", "is_active": true, "is_admin": false, "date_joined": "2022-05-20T19:03:30.413", "groups": [], "user_permissions": []}}, {"model": "users.user", "pk": 185, "fields": {"password": "pbkdf2_sha256$320000$i4g3IAJ6iyFkLnWDYhdU6c$KWwr9XKyZpbBOq0J2YZB7TAQNJW43p44sy6KovpWmfc=", "last_login": null, "is_superuser": false, "id": "usr0185", "email": "johnnywick@kitehrms.com", "first_name": "Johnny", "last_name": "Wick", "is_active": true, "is_admin": false, "date_joined": "2022-05-25T09:05:16.491", "groups": [], "user_permissions": []}}, {"model": "users.user", "pk": 186, "fields": {"password": "pbkdf2_sha256$320000$C65QOLh9JBjmfkO3vVHdZW$zYv/PwRAxrCwlcXCsdmgA1/s4+cOBK+QBgJVdFoYDos=", "last_login": null, "is_superuser": false, "id": "usr0186", "email": "nieli@kitehrms.com", "first_name": "Nie", "last_name": "Li", "is_active": true, "is_admin": false, "date_joined": "2022-06-12T22:01:22.556", "groups": [], "user_permissions": []}}, {"model": "users.user", "pk": 190, "fields": {"password": "pbkdf2_sha256$320000$VUIQFUJ57MgV5BMR74w6ny$vNxuQ0gzUn8s2T7fn+Log/eWwilLeFGlT8wLjNmmxYI=", "last_login": null, "is_superuser": false, "id": "usr0187", "email": "johnnybrown@kitehrms.com", "first_name": "Johnny", "last_name": "Brown", "is_active": true, "is_admin": false, "date_joined": "2022-06-12T22:19:49.656", "groups": [], "user_permissions": []}}, {"model": "users.user", "pk": 191, "fields": {"password": "pbkdf2_sha256$320000$J4QdG3Rs3P10X71tvCUHq8$jvOIfL0/Ttk2sh0LbWpd0yvPSTrre/WgKfux7ZD/6u8=", "last_login": null, "is_superuser": false, "id": "usr0191", "email": "testinguser@kitehrms.com", "first_name": "Testing", "last_name": "User", "is_active": true, "is_admin": false, "date_joined": "2022-06-12T22:23:08.836", "groups": [], "user_permissions": []}}, {"model": "users.user", "pk": 192, "fields": {"password": "pbkdf2_sha256$320000$liJsVTAYYvSu95vgbUzmqP$xa7q92MKF+x6cP6tb5Kvs24XtngJC9/MyEHwI/4Wb78=", "last_login": null, "is_superuser": false, "id": "usr0192", "email": "billdoe@kitehrms.com", "first_name": "Bill", "last_name": "Joe", "is_active": true, "is_admin": false, "date_joined": "2022-06-12T22:25:26.832", "groups": [], "user_permissions": []}}, {"model": "users.user", "pk": 193, "fields": {"password": "pbkdf2_sha256$320000$bLP8vAsQmjb7LXdrE27I3D$1bIRyiVeQ4pK0LgNLmfP+v6eQrgJG2WX8DEBw9IANVQ=", "last_login": null, "is_superuser": false, "id": "usr0193", "email": "mikecollins@kitehrms.com", "first_name": "Mike", "last_name": "Collins", "is_active": true, "is_admin": false, "date_joined": "2022-06-16T04:03:04.607", "groups": [], "user_permissions": []}}, {"model": "users.user", "pk": 194, "fields": {"password": "pbkdf2_sha256$320000$P643GVjCm0cuG9ZHgGIS9A$ySiZJFDzdL6f2IlaU1VkGwojO+YlEV6kYrTnD94DvPQ=", "last_login": null, "is_superuser": false, "id": "usr0194", "email": "janedoeceo@kitehrms.com", "first_name": "Jane", "last_name": "Doe", "is_active": false, "is_admin": false, "date_joined": "2022-06-16T11:02:35.458", "groups": [], "user_permissions": []}}, {"model": "users.profile", "pk": 1, "fields": {"id": "ple0001", "user": 1, "image": "images/users/profile/user-4.jpg", "gender": "M", "address": "", "date_of_birth": "2022-06-19", "phone": null, "state": null, "city": null, "date_updated": "2022-06-19T16:02:49.381", "date_created": "2022-06-19T15:54:18.174"}}, {"model": "users.profile", "pk": 2, "fields": {"id": "ple0002", "user": 15, "image": "images/users/profile/user-6.jpg", "gender": "M", "address": null, "date_of_birth": "2022-06-19", "phone": null, "state": null, "city": null, "date_updated": "2022-06-19T16:53:07.539", "date_created": "2022-06-19T15:54:18.205"}}, {"model": "users.profile", "pk": 3, "fields": {"id": "ple0003", "user": 16, "image": "images/users/profile/user-5.jpg", "gender": "F", "address": null, "date_of_birth": "2022-06-19", "phone": null, "state": null, "city": null, "date_updated": "2022-06-19T16:51:19.002", "date_created": "2022-06-19T15:54:18.236"}}, {"model": "users.profile", "pk": 4, "fields": {"id": "ple0004", "user": 17, "image": "images/users/profile/user-5.jpg", "gender": "F", "address": null, "date_of_birth": "2022-06-19", "phone": null, "state": null, "city": null, "date_updated": "2022-06-19T16:51:19.189", "date_created": "2022-06-19T15:54:18.252"}}, {"model": "users.profile", "pk": 5, "fields": {"id": "ple0005", "user": 18, "image": "images/users/profile/user-5.jpg", "gender": "F", "address": null, "date_of_birth": "2022-06-19", "phone": null, "state": null, "city": null, "date_updated": "2022-06-19T16:51:19.377", "date_created": "2022-06-19T15:54:18.283"}}, {"model": "users.profile", "pk": 6, "fields": {"id": "ple0006", "user": 19, "image": "images/users/profile/user-6.jpg", "gender": "M", "address": null, "date_of_birth": "2022-06-19", "phone": null, "state": null, "city": null, "date_updated": "2022-06-19T16:53:07.852", "date_created": "2022-06-19T15:54:18.299"}}, {"model": "users.profile", "pk": 7, "fields": {"id": "ple0007", "user": 23, "image": "images/users/profile/user-6.jpg", "gender": "M", "address": null, "date_of_birth": "2022-06-19", "phone": null, "state": null, "city": null, "date_updated": "2022-06-19T16:53:08.102", "date_created": "2022-06-19T15:54:18.330"}}, {"model": "users.profile", "pk": 8, "fields": {"id": "ple0008", "user": 24, "image": "images/users/profile/user-6.jpg", "gender": "M", "address": null, "date_of_birth": "2022-06-19", "phone": null, "state": null, "city": null, "date_updated": "2022-06-19T16:53:08.320", "date_created": "2022-06-19T15:54:18.346"}}, {"model": "users.profile", "pk": 9, "fields": {"id": "ple0009", "user": 27, "image": "images/users/profile/user-6.jpg", "gender": "M", "address": null, "date_of_birth": "2022-06-19", "phone": null, "state": null, "city": null, "date_updated": "2022-06-19T16:53:08.539", "date_created": "2022-06-19T15:54:18.377"}}, {"model": "users.profile", "pk": 10, "fields": {"id": "ple0010", "user": 28, "image": "images/users/profile/user-6.jpg", "gender": "M", "address": null, "date_of_birth": "2022-06-19", "phone": null, "state": null, "city": null, "date_updated": "2022-06-19T16:53:08.824", "date_created": "2022-06-19T15:54:18.393"}}, {"model": "users.profile", "pk": 11, "fields": {"id": "ple0011", "user": 29, "image": "images/users/profile/user-6.jpg", "gender": "M", "address": null, "date_of_birth": "2022-06-19", "phone": null, "state": null, "city": null, "date_updated": "2022-06-19T16:53:09.120", "date_created": "2022-06-19T15:54:18.424"}}, {"model": "users.profile", "pk": 12, "fields": {"id": "ple0012", "user": 30, "image": "images/users/profile/user-1.jpg", "gender": "F", "address": "", "date_of_birth": "2022-06-19", "phone": null, "state": null, "city": null, "date_updated": "2022-06-19T16:05:24.239", "date_created": "2022-06-19T15:54:18.439"}}, {"model": "users.profile", "pk": 13, "fields": {"id": "ple0013", "user": 31, "image": "images/users/profile/user-6.jpg", "gender": "M", "address": null, "date_of_birth": "2022-06-19", "phone": null, "state": null, "city": null, "date_updated": "2022-06-19T16:53:09.480", "date_created": "2022-06-19T15:54:18.471"}}, {"model": "users.profile", "pk": 14, "fields": {"id": "ple0014", "user": 33, "image": "images/users/profile/user-6.jpg", "gender": "M", "address": null, "date_of_birth": "2022-06-19", "phone": null, "state": null, "city": null, "date_updated": "2022-06-19T16:53:09.808", "date_created": "2022-06-19T15:54:18.486"}}, {"model": "users.profile", "pk": 15, "fields": {"id": "ple0015", "user": 34, "image": "images/users/profile/user-5.jpg", "gender": "F", "address": "", "date_of_birth": "2022-06-19", "phone": null, "state": null, "city": null, "date_updated": "2022-06-19T16:07:54.072", "date_created": "2022-06-19T15:54:18.517"}}, {"model": "users.profile", "pk": 16, "fields": {"id": "ple0016", "user": 35, "image": "images/users/profile/user-6.jpg", "gender": "M", "address": null, "date_of_birth": "2022-06-19", "phone": null, "state": null, "city": null, "date_updated": "2022-06-19T16:53:10.120", "date_created": "2022-06-19T15:54:18.533"}}, {"model": "users.profile", "pk": 17, "fields": {"id": "ple0017", "user": 44, "image": "images/users/profile/user-6.jpg", "gender": "M", "address": null, "date_of_birth": "2022-06-19", "phone": null, "state": null, "city": null, "date_updated": "2022-06-19T16:53:10.402", "date_created": "2022-06-19T15:54:18.564"}}, {"model": "users.profile", "pk": 18, "fields": {"id": "ple0018", "user": 45, "image": "images/users/profile/user-11.jpg", "gender": "M", "address": "", "date_of_birth": "2022-06-19", "phone": null, "state": null, "city": null, "date_updated": "2022-06-19T16:04:52.882", "date_created": "2022-06-19T15:54:18.580"}}, {"model": "users.profile", "pk": 19, "fields": {"id": "ple0019", "user": 46, "image": "images/users/profile/user-6.jpg", "gender": "M", "address": null, "date_of_birth": "2022-06-19", "phone": null, "state": null, "city": null, "date_updated": "2022-06-19T16:53:10.558", "date_created": "2022-06-19T15:54:18.611"}}, {"model": "users.profile", "pk": 20, "fields": {"id": "ple0020", "user": 47, "image": "images/users/profile/user-6.jpg", "gender": "M", "address": null, "date_of_birth": "2022-06-19", "phone": null, "state": null, "city": null, "date_updated": "2022-06-19T16:53:10.714", "date_created": "2022-06-19T15:54:18.627"}}, {"model": "users.profile", "pk": 21, "fields": {"id": "ple0021", "user": 48, "image": "images/users/profile/user-6.jpg", "gender": "M", "address": null, "date_of_birth": "2022-06-19", "phone": null, "state": null, "city": null, "date_updated": "2022-06-19T16:53:10.933", "date_created": "2022-06-19T15:54:18.658"}}, {"model": "users.profile", "pk": 22, "fields": {"id": "ple0022", "user": 49, "image": "images/users/profile/user-6.jpg", "gender": "M", "address": null, "date_of_birth": "2022-06-19", "phone": null, "state": null, "city": null, "date_updated": "2022-06-19T16:53:11.402", "date_created": "2022-06-19T15:54:18.674"}}, {"model": "users.profile", "pk": 23, "fields": {"id": "ple0023", "user": 50, "image": "images/users/profile/user-3.jpg", "gender": "F", "address": "", "date_of_birth": "2022-06-19", "phone": null, "state": null, "city": null, "date_updated": "2022-06-19T16:47:51.595", "date_created": "2022-06-19T15:54:18.705"}}, {"model": "users.profile", "pk": 24, "fields": {"id": "ple0024", "user": 51, "image": "images/users/profile/user-6.jpg", "gender": "M", "address": "", "date_of_birth": "2022-06-19", "phone": null, "state": null, "city": null, "date_updated": "2022-06-19T16:03:14.769", "date_created": "2022-06-19T15:54:18.721"}}, {"model": "users.profile", "pk": 25, "fields": {"id": "ple0025", "user": 52, "image": "images/users/profile/user-6.jpg", "gender": "M", "address": null, "date_of_birth": "2022-06-19", "phone": null, "state": null, "city": null, "date_updated": "2022-06-19T16:53:11.745", "date_created": "2022-06-19T15:54:18.752"}}, {"model": "users.profile", "pk": 26, "fields": {"id": "ple0026", "user": 53, "image": "images/users/profile/user-6.jpg", "gender": "M", "address": null, "date_of_birth": "2022-06-19", "phone": null, "state": null, "city": null, "date_updated": "2022-06-19T16:53:12.042", "date_created": "2022-06-19T15:54:18.768"}}, {"model": "users.profile", "pk": 27, "fields": {"id": "ple0027", "user": 54, "image": "images/users/profile/user-6.jpg", "gender": "M", "address": null, "date_of_birth": "2022-06-19", "phone": null, "state": null, "city": null, "date_updated": "2022-06-19T16:53:12.277", "date_created": "2022-06-19T15:54:18.799"}}, {"model": "users.profile", "pk": 28, "fields": {"id": "ple0028", "user": 55, "image": "images/users/profile/user-7.jpg", "gender": "F", "address": "", "date_of_birth": "2022-06-19", "phone": null, "state": null, "city": null, "date_updated": "2022-06-19T16:08:25.967", "date_created": "2022-06-19T15:54:18.814"}}, {"model": "users.profile", "pk": 29, "fields": {"id": "ple0029", "user": 56, "image": "images/users/profile/user-5.jpg", "gender": "F", "address": null, "date_of_birth": "2022-06-19", "phone": null, "state": null, "city": null, "date_updated": "2022-06-19T16:51:19.611", "date_created": "2022-06-19T15:54:18.846"}}, {"model": "users.profile", "pk": 30, "fields": {"id": "ple0030", "user": 57, "image": "images/users/profile/user-6.jpg", "gender": "M", "address": null, "date_of_birth": "2022-06-19", "phone": null, "state": null, "city": null, "date_updated": "2022-06-19T16:53:12.667", "date_created": "2022-06-19T15:54:18.861"}}, {"model": "users.profile", "pk": 31, "fields": {"id": "ple0031", "user": 58, "image": "images/users/profile/user-6.jpg", "gender": "M", "address": null, "date_of_birth": "2022-06-19", "phone": null, "state": null, "city": null, "date_updated": "2022-06-19T16:53:12.980", "date_created": "2022-06-19T15:54:18.892"}}, {"model": "users.profile", "pk": 32, "fields": {"id": "ple0032", "user": 63, "image": "images/users/profile/user-10.jpg", "gender": "M", "address": "", "date_of_birth": "2022-06-19", "phone": null, "state": null, "city": null, "date_updated": "2022-06-19T16:04:16.971", "date_created": "2022-06-19T15:54:18.908"}}, {"model": "users.profile", "pk": 33, "fields": {"id": "ple0033", "user": 67, "image": "images/users/profile/user-6.jpg", "gender": "M", "address": null, "date_of_birth": "2022-06-19", "phone": null, "state": null, "city": null, "date_updated": "2022-06-19T16:53:13.183", "date_created": "2022-06-19T15:54:18.940"}}, {"model": "users.profile", "pk": 34, "fields": {"id": "ple0034", "user": 68, "image": "images/users/profile/user-6.jpg", "gender": "M", "address": null, "date_of_birth": "2022-06-19", "phone": null, "state": null, "city": null, "date_updated": "2022-06-19T16:53:13.542", "date_created": "2022-06-19T15:54:18.955"}}, {"model": "users.profile", "pk": 35, "fields": {"id": "ple0035", "user": 69, "image": "images/users/profile/user-6.jpg", "gender": "M", "address": null, "date_of_birth": "2022-06-19", "phone": null, "state": null, "city": null, "date_updated": "2022-06-19T16:53:13.917", "date_created": "2022-06-19T15:54:18.986"}}, {"model": "users.profile", "pk": 36, "fields": {"id": "ple0036", "user": 172, "image": "images/users/profile/user-6.jpg", "gender": "M", "address": null, "date_of_birth": "2022-06-19", "phone": null, "state": null, "city": null, "date_updated": "2022-06-19T16:53:14.230", "date_created": "2022-06-19T15:54:19.002"}}, {"model": "users.profile", "pk": 37, "fields": {"id": "ple0037", "user": 173, "image": "images/users/profile/user-6.jpg", "gender": "M", "address": null, "date_of_birth": "2022-06-19", "phone": null, "state": null, "city": null, "date_updated": "2022-06-19T16:53:14.542", "date_created": "2022-06-19T15:54:19.033"}}, {"model": "users.profile", "pk": 38, "fields": {"id": "ple0038", "user": 174, "image": "images/users/profile/user-6.jpg", "gender": "M", "address": null, "date_of_birth": "2022-06-19", "phone": null, "state": null, "city": null, "date_updated": "2022-06-19T16:53:14.808", "date_created": "2022-06-19T15:54:19.049"}}, {"model": "users.profile", "pk": 39, "fields": {"id": "ple0039", "user": 175, "image": "images/users/profile/user-6.jpg", "gender": "M", "address": null, "date_of_birth": "2022-06-19", "phone": null, "state": null, "city": null, "date_updated": "2022-06-19T16:53:15.105", "date_created": "2022-06-19T15:54:19.080"}}, {"model": "users.profile", "pk": 40, "fields": {"id": "ple0040", "user": 176, "image": "images/users/profile/user-5.jpg", "gender": "F", "address": null, "date_of_birth": "2022-06-19", "phone": null, "state": null, "city": null, "date_updated": "2022-06-19T16:51:19.767", "date_created": "2022-06-19T15:54:19.096"}}, {"model": "users.profile", "pk": 41, "fields": {"id": "ple0041", "user": 177, "image": "images/users/profile/user-5.jpg", "gender": "F", "address": null, "date_of_birth": "2022-06-19", "phone": null, "state": null, "city": null, "date_updated": "2022-06-19T16:51:20.064", "date_created": "2022-06-19T15:54:19.127"}}, {"model": "users.profile", "pk": 42, "fields": {"id": "ple0042", "user": 178, "image": "images/users/profile/user-2.jpg", "gender": "M", "address": "", "date_of_birth": "2022-06-19", "phone": null, "state": null, "city": null, "date_updated": "2022-06-19T16:02:21.428", "date_created": "2022-06-19T15:54:19.142"}}, {"model": "users.profile", "pk": 43, "fields": {"id": "ple0043", "user": 180, "image": "images/users/profile/user-6.jpg", "gender": "M", "address": null, "date_of_birth": "2022-06-19", "phone": null, "state": null, "city": null, "date_updated": "2022-06-19T16:53:15.402", "date_created": "2022-06-19T15:54:19.174"}}, {"model": "users.profile", "pk": 44, "fields": {"id": "ple0044", "user": 182, "image": "images/users/profile/user-6.jpg", "gender": "M", "address": null, "date_of_birth": "2022-06-19", "phone": null, "state": null, "city": null, "date_updated": "2022-06-19T16:53:15.683", "date_created": "2022-06-19T15:54:19.205"}}, {"model": "users.profile", "pk": 45, "fields": {"id": "ple0045", "user": 183, "image": "images/users/profile/user-5.jpg", "gender": "F", "address": null, "date_of_birth": "2022-06-19", "phone": null, "state": null, "city": null, "date_updated": "2022-06-19T16:51:20.455", "date_created": "2022-06-19T15:54:19.221"}}, {"model": "users.profile", "pk": 46, "fields": {"id": "ple0046", "user": 184, "image": "images/users/profile/user-9.jpg", "gender": "F", "address": "", "date_of_birth": "2022-06-19", "phone": null, "state": null, "city": null, "date_updated": "2022-06-19T16:09:29.043", "date_created": "2022-06-19T15:54:19.252"}}, {"model": "users.profile", "pk": 47, "fields": {"id": "ple0047", "user": 185, "image": "images/users/profile/user-6.jpg", "gender": "M", "address": null, "date_of_birth": "2022-06-19", "phone": null, "state": null, "city": null, "date_updated": "2022-06-19T16:53:15.855", "date_created": "2022-06-19T15:54:19.267"}}, {"model": "users.profile", "pk": 48, "fields": {"id": "ple0048", "user": 186, "image": "images/users/profile/user-6.jpg", "gender": "M", "address": null, "date_of_birth": "2022-06-19", "phone": null, "state": null, "city": null, "date_updated": "2022-06-19T16:53:16.136", "date_created": "2022-06-19T15:54:19.299"}}, {"model": "users.profile", "pk": 49, "fields": {"id": "ple0049", "user": 190, "image": "images/users/profile/user-6.jpg", "gender": "M", "address": null, "date_of_birth": "2022-06-19", "phone": null, "state": null, "city": null, "date_updated": "2022-06-19T16:53:16.417", "date_created": "2022-06-19T15:54:19.315"}}, {"model": "users.profile", "pk": 50, "fields": {"id": "ple0050", "user": 191, "image": "images/users/profile/user-6.jpg", "gender": "M", "address": null, "date_of_birth": "2022-06-19", "phone": null, "state": null, "city": null, "date_updated": "2022-06-19T16:53:16.620", "date_created": "2022-06-19T15:54:19.346"}}, {"model": "users.profile", "pk": 51, "fields": {"id": "ple0051", "user": 192, "image": "images/users/profile/user-8.jpg", "gender": "M", "address": "", "date_of_birth": "2022-06-19", "phone": null, "state": null, "city": null, "date_updated": "2022-06-19T16:03:43.736", "date_created": "2022-06-19T15:54:19.361"}}, {"model": "users.profile", "pk": 52, "fields": {"id": "ple0052", "user": 193, "image": "images/users/profile/user-6.jpg", "gender": "M", "address": null, "date_of_birth": "2022-06-19", "phone": null, "state": null, "city": null, "date_updated": "2022-06-19T16:53:17.011", "date_created": "2022-06-19T15:54:19.392"}}, {"model": "users.profile", "pk": 53, "fields": {"id": "ple0053", "user": 194, "image": "images/users/profile/user-5.jpg", "gender": "F", "address": null, "date_of_birth": "2022-06-19", "phone": null, "state": null, "city": null, "date_updated": "2022-06-19T16:51:20.814", "date_created": "2022-06-19T15:54:19.408"}}]